"id","nombre","name","nom","iso2","iso3","phone_code","gentilicio","created_at","updated_at"
"1","Afganistán","Afghanistan","Afghanistan","AF","AFG",93,"AFGANA","2020-08-16 12:33:47","2020-08-16 12:33:47"
"2","Albania","Albania","Albanie","AL","ALB",355,"ALBANESA","2020-08-16 12:33:47","2020-08-16 12:33:47"
"3","Alemania","Germany","Allemagne","DE","DEU",49,"ALEMANA","2020-08-16 12:33:47","2020-08-16 12:33:47"
"4","Algeria","Algeria","Algérie","DZ","DZA",213,"ARGELINA","2020-08-16 12:33:47","2020-08-16 12:33:47"
"5","Andorra","Andorra","Andorra","AD","AND",376,"ANDORRANA","2020-08-16 12:33:47","2020-08-16 12:33:47"
"6","Angola","Angola","Angola","AO","AGO",244,"ANGOLEÑA","2020-08-16 12:33:47","2020-08-16 12:33:47"
"7","Anguila","Anguilla","Anguilla","AI","AIA",1264,NULL,"2020-08-16 12:33:47","2020-08-16 12:33:47"
"8","Antártida","Antarctica","L'Antarctique","AQ","ATA",672,NULL,"2020-08-16 12:33:47","2020-08-16 12:33:47"
"9","Antigua y Barbuda","Antigua and Barbuda","Antigua et Barbuda","AG","ATG",1268,"ANTIGUANA","2020-08-16 12:33:47","2020-08-16 12:33:47"
"10","Antillas Neerlandesas","Netherlands Antilles","Antilles Néerlandaises","AN","ANT",599,NULL,"2020-08-16 12:33:47","2020-08-16 12:33:47"
"11","Arabia Saudita","Saudi Arabia","Arabie Saoudite","SA","SAU",966,"SAUDÍ","2020-08-16 12:33:47","2020-08-16 12:33:47"
"12","Argentina","Argentina","Argentine","AR","ARG",54,"ARGENTINA","2020-08-16 12:33:47","2020-08-16 12:33:47"
"13","Armenia","Armenia","L'Arménie","AM","ARM",374,"ARMENIA","2020-08-16 12:33:47","2020-08-16 12:33:47"
"14","Aruba","Aruba","Aruba","AW","ABW",297,"ARUBEÑA","2020-08-16 12:33:47","2020-08-16 12:33:47"
"15","Australia","Australia","Australie","AU","AUS",61,"AUSTRALIANA","2020-08-16 12:33:47","2020-08-16 12:33:47"
"16","Austria","Austria","Autriche","AT","AUT",43,"AUSTRIACA","2020-08-16 12:33:47","2020-08-16 12:33:47"
"17","Azerbayán","Azerbaijan","L'Azerbaïdjan","AZ","AZE",994,"AZERBAIYANA","2020-08-16 12:33:47","2020-08-16 12:33:47"
"18","Bélgica","Belgium","Belgique","BE","BEL",32,"BELGA","2020-08-16 12:33:47","2020-08-16 12:33:47"
"19","Bahamas","Bahamas","Bahamas","BS","BHS",1242,"BAHAMEÑA","2020-08-16 12:33:47","2020-08-16 12:33:47"
"20","Bahrein","Bahrain","Bahreïn","BH","BHR",973,"BAREINÍ","2020-08-16 12:33:47","2020-08-16 12:33:47"
"21","Bangladesh","Bangladesh","Bangladesh","BD","BGD",880,"BANGLADESÍ","2020-08-16 12:33:47","2020-08-16 12:33:47"
"22","Barbados","Barbados","Barbade","BB","BRB",1246,"BARBADENSE","2020-08-16 12:33:47","2020-08-16 12:33:47"
"23","Belice","Belize","Belize","BZ","BLZ",501,"BELICEÑA","2020-08-16 12:33:47","2020-08-16 12:33:47"
"24","Benín","Benin","Bénin","BJ","BEN",229,"BENINÉSA","2020-08-16 12:33:47","2020-08-16 12:33:47"
"25","Bhután","Bhutan","Le Bhoutan","BT","BTN",975,"BUTANÉSA","2020-08-16 12:33:47","2020-08-16 12:33:47"
"26","Bielorrusia","Belarus","Biélorussie","BY","BLR",375,"BIELORRUSA","2020-08-16 12:33:47","2020-08-16 12:33:47"
"27","Birmania","Myanmar","Myanmar","MM","MMR",95,"BIRMANA","2020-08-16 12:33:47","2020-08-16 12:33:47"
"28","Bolivia","Bolivia","Bolivie","BO","BOL",591,"BOLIVIANA","2020-08-16 12:33:47","2020-08-16 12:33:47"
"29","Bosnia y Herzegovina","Bosnia and Herzegovina","Bosnie-Herzégovine","BA","BIH",387,"BOSNIA","2020-08-16 12:33:47","2020-08-16 12:33:47"
"30","Botsuana","Botswana","Botswana","BW","BWA",267,"BOTSUANA","2020-08-16 12:33:47","2020-08-16 12:33:47"
"31","Brasil","Brazil","Brésil","BR","BRA",55,"BRASILEÑA","2020-08-16 12:33:47","2020-08-16 12:33:47"
"32","Brunéi","Brunei","Brunei","BN","BRN",673,"BRUNEANA","2020-08-16 12:33:47","2020-08-16 12:33:47"
"33","Bulgaria","Bulgaria","Bulgarie","BG","BGR",359,"BÚLGARA","2020-08-16 12:33:47","2020-08-16 12:33:47"
"34","Burkina Faso","Burkina Faso","Burkina Faso","BF","BFA",226,"BURKINÉS","2020-08-16 12:33:47","2020-08-16 12:33:47"
"35","Burundi","Burundi","Burundi","BI","BDI",257,"BURUNDÉSA","2020-08-16 12:33:47","2020-08-16 12:33:47"
"36","Cabo Verde","Cape Verde","Cap-Vert","CV","CPV",238,"CABOVERDIANA","2020-08-16 12:33:47","2020-08-16 12:33:47"
"37","Camboya","Cambodia","Cambodge","KH","KHM",855,"CAMBOYANA","2020-08-16 12:33:47","2020-08-16 12:33:47"
"38","Camerún","Cameroon","Cameroun","CM","CMR",237,"CAMERUNESA","2020-08-16 12:33:47","2020-08-16 12:33:47"
"39","Canadá","Canada","Canada","CA","CAN",1,"CANADIENSE","2020-08-16 12:33:47","2020-08-16 12:33:47"
"40","Chad","Chad","Tchad","TD","TCD",235,"CHADIANA","2020-08-16 12:33:47","2020-08-16 12:33:47"
"41","Chile","Chile","Chili","CL","CHL",56,"CHILENA","2020-08-16 12:33:47","2020-08-16 12:33:47"
"42","China","China","Chine","CN","CHN",86,"CHINA","2020-08-16 12:33:47","2020-08-16 12:33:47"
"43","Chipre","Cyprus","Chypre","CY","CYP",357,"CHIPRIOTA","2020-08-16 12:33:47","2020-08-16 12:33:47"
"44","Ciudad del Vaticano","Vatican City State","Cité du Vatican","VA","VAT",39,"VATICANA","2020-08-16 12:33:47","2020-08-16 12:33:47"
"45","Colombia","Colombia","Colombie","CO","COL",57,"COLOMBIANA","2020-08-16 12:33:47","2020-08-16 12:33:47"
"46","Comoras","Comoros","Comores","KM","COM",269,"COMORENSE","2020-08-16 12:33:47","2020-08-16 12:33:47"
"47","Congo","Congo","Congo","CG","COG",242,"CONGOLEÑA","2020-08-16 12:33:47","2020-08-16 12:33:47"
"48","Congo","Congo","Congo","CD","COD",243,"CONGOLEÑA","2020-08-16 12:33:47","2020-08-16 12:33:47"
"49","Corea del Norte","North Korea","Corée du Nord","KP","PRK",850,"NORCOREANA","2020-08-16 12:33:47","2020-08-16 12:33:47"
"50","Corea del Sur","South Korea","Corée du Sud","KR","KOR",82,"SURCOREANA","2020-08-16 12:33:47","2020-08-16 12:33:47"
"51","Costa de Marfil","Ivory Coast","Côte-d'Ivoire","CI","CIV",225,"MARFILEÑA","2020-08-16 12:33:47","2020-08-16 12:33:47"
"52","Costa Rica","Costa Rica","Costa Rica","CR","CRI",506,"COSTARRICENSE","2020-08-16 12:33:47","2020-08-16 12:33:47"
"53","Croacia","Croatia","Croatie","HR","HRV",385,"CROATA","2020-08-16 12:33:47","2020-08-16 12:33:47"
"54","Cuba","Cuba","Cuba","CU","CUB",53,"CUBANA","2020-08-16 12:33:47","2020-08-16 12:33:47"
"55","Dinamarca","Denmark","Danemark","DK","DNK",45,"DANÉSA","2020-08-16 12:33:47","2020-08-16 12:33:47"
"56","Dominica","Dominica","Dominique","DM","DMA",1767,"DOMINIQUÉS","2020-08-16 12:33:47","2020-08-16 12:33:47"
"57","Ecuador","Ecuador","Equateur","EC","ECU",593,"ECUATORIANA","2020-08-16 12:33:47","2020-08-16 12:33:47"
"58","Egipto","Egypt","Egypte","EG","EGY",20,"EGIPCIA","2020-08-16 12:33:47","2020-08-16 12:33:47"
"59","El Salvador","El Salvador","El Salvador","SV","SLV",503,"SALVADOREÑA","2020-08-16 12:33:47","2020-08-16 12:33:47"
"60","Emiratos Árabes Unidos","United Arab Emirates","Emirats Arabes Unis","AE","ARE",971,"EMIRATÍ","2020-08-16 12:33:47","2020-08-16 12:33:47"
"61","Eritrea","Eritrea","Erythrée","ER","ERI",291,"ERITREA","2020-08-16 12:33:47","2020-08-16 12:33:47"
"62","Eslovaquia","Slovakia","Slovaquie","SK","SVK",421,"ESLOVACA","2020-08-16 12:33:47","2020-08-16 12:33:47"
"63","Eslovenia","Slovenia","Slovénie","SI","SVN",386,"ESLOVENA","2020-08-16 12:33:47","2020-08-16 12:33:47"
"64","España","Spain","Espagne","ES","ESP",34,"ESPAÑOLA","2020-08-16 12:33:47","2020-08-16 12:33:47"
"65","Estados Unidos de América","United States of America","États-Unis d'Amérique","US","USA",1,"ESTADOUNIDENSE","2020-08-16 12:33:47","2020-08-16 12:33:47"
"66","Estonia","Estonia","L'Estonie","EE","EST",372,"ESTONIA","2020-08-16 12:33:47","2020-08-16 12:33:47"
"67","Etiopía","Ethiopia","Ethiopie","ET","ETH",251,"ETÍOPE","2020-08-16 12:33:47","2020-08-16 12:33:47"
"68","Filipinas","Philippines","Philippines","PH","PHL",63,"FILIPINA","2020-08-16 12:33:47","2020-08-16 12:33:47"
"69","Finlandia","Finland","Finlande","FI","FIN",358,"FINLANDÉSA","2020-08-16 12:33:47","2020-08-16 12:33:47"
"70","Fiyi","Fiji","Fidji","FJ","FJI",679,"FIYIANA","2020-08-16 12:33:47","2020-08-16 12:33:47"
"71","Francia","France","France","FR","FRA",33,"FRANCÉSA","2020-08-16 12:33:47","2020-08-16 12:33:47"
"72","Gabón","Gabon","Gabon","GA","GAB",241,"GABONÉSA","2020-08-16 12:33:47","2020-08-16 12:33:47"
"73","Gambia","Gambia","Gambie","GM","GMB",220,"GAMBIANA","2020-08-16 12:33:47","2020-08-16 12:33:47"
"74","Georgia","Georgia","Géorgie","GE","GEO",995,"GEORGIANA","2020-08-16 12:33:47","2020-08-16 12:33:47"
"75","Ghana","Ghana","Ghana","GH","GHA",233,"GHANÉSA","2020-08-16 12:33:47","2020-08-16 12:33:47"
"76","Gibraltar","Gibraltar","Gibraltar","GI","GIB",350,"GIBRALTAREÑA","2020-08-16 12:33:47","2020-08-16 12:33:47"
"77","Granada","Grenada","Grenade","GD","GRD",1473,"GRANADINA","2020-08-16 12:33:47","2020-08-16 12:33:47"
"78","Grecia","Greece","Grèce","GR","GRC",30,"GRIEGA","2020-08-16 12:33:47","2020-08-16 12:33:47"
"79","Groenlandia","Greenland","Groenland","GL","GRL",299,"GROENLANDÉSA","2020-08-16 12:33:47","2020-08-16 12:33:47"
"80","Guadalupe","Guadeloupe","Guadeloupe","GP","GLP",NULL,NULL,"2020-08-16 12:33:47","2020-08-16 12:33:47"
"81","Guam","Guam","Guam","GU","GUM",1671,NULL,"2020-08-16 12:33:47","2020-08-16 12:33:47"
"82","Guatemala","Guatemala","Guatemala","GT","GTM",502,"GUATEMALTECA","2020-08-16 12:33:47","2020-08-16 12:33:47"
"83","Guayana Francesa","French Guiana","Guyane française","GF","GUF",NULL,NULL,"2020-08-16 12:33:47","2020-08-16 12:33:47"
"84","Guernsey","Guernsey","Guernesey","GG","GGY",NULL,NULL,"2020-08-16 12:33:47","2020-08-16 12:33:47"
"85","Guinea","Guinea","Guinée","GN","GIN",224,"GUINEANA","2020-08-16 12:33:47","2020-08-16 12:33:47"
"86","Guinea Ecuatorial","Equatorial Guinea","Guinée Equatoriale","GQ","GNQ",240,"ECUATOGUINEANA","2020-08-16 12:33:47","2020-08-16 12:33:47"
"87","Guinea-Bissau","Guinea-Bissau","Guinée-Bissau","GW","GNB",245,"GUINEANA","2020-08-16 12:33:47","2020-08-16 12:33:47"
"88","Guyana","Guyana","Guyane","GY","GUY",592,"GUYANESA","2020-08-16 12:33:47","2020-08-16 12:33:47"
"89","Haití","Haiti","Haïti","HT","HTI",509,"HAITIANA","2020-08-16 12:33:47","2020-08-16 12:33:47"
"90","Honduras","Honduras","Honduras","HN","HND",504,"HONDUREÑA","2020-08-16 12:33:47","2020-08-16 12:33:47"
"91","Hong kong","Hong Kong","Hong Kong","HK","HKG",852,NULL,"2020-08-16 12:33:47","2020-08-16 12:33:47"
"92","Hungría","Hungary","Hongrie","HU","HUN",36,"HÚNGARA","2020-08-16 12:33:47","2020-08-16 12:33:47"
"93","India","India","Inde","IN","IND",91,"HINDÚ","2020-08-16 12:33:47","2020-08-16 12:33:47"
"94","Indonesia","Indonesia","Indonésie","ID","IDN",62,"INDONESIA","2020-08-16 12:33:47","2020-08-16 12:33:47"
"95","Irán","Iran","Iran","IR","IRN",98,"IRANÍ","2020-08-16 12:33:47","2020-08-16 12:33:47"
"96","Irak","Iraq","Irak","IQ","IRQ",964,"IRAQUÍ","2020-08-16 12:33:47","2020-08-16 12:33:47"
"97","Irlanda","Ireland","Irlande","IE","IRL",353,"IRLANDÉSA","2020-08-16 12:33:47","2020-08-16 12:33:47"
"98","Isla Bouvet","Bouvet Island","Bouvet Island","BV","BVT",NULL,NULL,"2020-08-16 12:33:47","2020-08-16 12:33:47"
"99","Isla de Man","Isle of Man","Ile de Man","IM","IMN",44,NULL,"2020-08-16 12:33:47","2020-08-16 12:33:47"
"100","Isla de Navidad","Christmas Island","Christmas Island","CX","CXR",61,NULL,"2020-08-16 12:33:47","2020-08-16 12:33:47"
"101","Isla Norfolk","Norfolk Island","Île de Norfolk","NF","NFK",NULL,NULL,"2020-08-16 12:33:47","2020-08-16 12:33:47"
"102","Islandia","Iceland","Islande","IS","ISL",354,"ISLANDÉSA","2020-08-16 12:33:47","2020-08-16 12:33:47"
"103","Islas Bermudas","Bermuda Islands","Bermudes","BM","BMU",1441,NULL,"2020-08-16 12:33:47","2020-08-16 12:33:47"
"104","Islas Caimán","Cayman Islands","Iles Caïmans","KY","CYM",1345,NULL,"2020-08-16 12:33:47","2020-08-16 12:33:47"
"105","Islas Cocos (Keeling)","Cocos (Keeling) Islands","Cocos (Keeling","CC","CCK",61,NULL,"2020-08-16 12:33:47","2020-08-16 12:33:47"
"106","Islas Cook","Cook Islands","Iles Cook","CK","COK",682,"COOKIANA","2020-08-16 12:33:47","2020-08-16 12:33:47"
"107","Islas de Åland","Åland Islands","Îles Åland","AX","ALA",NULL,NULL,"2020-08-16 12:33:47","2020-08-16 12:33:47"
"108","Islas Feroe","Faroe Islands","Iles Féro","FO","FRO",298,NULL,"2020-08-16 12:33:47","2020-08-16 12:33:47"
"109","Islas Georgias del Sur y Sandwich del Sur","South Georgia and the South Sandwich Islands","Géorgie du Sud et les Îles Sandwich du Sud","GS","SGS",NULL,NULL,"2020-08-16 12:33:47","2020-08-16 12:33:47"
"110","Islas Heard y McDonald","Heard Island and McDonald Islands","Les îles Heard et McDonald","HM","HMD",NULL,NULL,"2020-08-16 12:33:47","2020-08-16 12:33:47"
"111","Islas Maldivas","Maldives","Maldives","MV","MDV",960,"MALDIVA","2020-08-16 12:33:47","2020-08-16 12:33:47"
"112","Islas Malvinas","Falkland Islands (Malvinas)","Iles Falkland (Malvinas)","FK","FLK",500,NULL,"2020-08-16 12:33:47","2020-08-16 12:33:47"
"113","Islas Marianas del Norte","Northern Mariana Islands","Iles Mariannes du Nord","MP","MNP",1670,NULL,"2020-08-16 12:33:47","2020-08-16 12:33:47"
"114","Islas Marshall","Marshall Islands","Iles Marshall","MH","MHL",692,"MARSHALÉSA","2020-08-16 12:33:47","2020-08-16 12:33:47"
"115","Islas Pitcairn","Pitcairn Islands","Iles Pitcairn","PN","PCN",870,NULL,"2020-08-16 12:33:47","2020-08-16 12:33:47"
"116","Islas Salomón","Solomon Islands","Iles Salomon","SB","SLB",677,"SALOMONENSE","2020-08-16 12:33:47","2020-08-16 12:33:47"
"117","Islas Turcas y Caicos","Turks and Caicos Islands","Iles Turques et Caïques","TC","TCA",1649,NULL,"2020-08-16 12:33:47","2020-08-16 12:33:47"
"118","Islas Ultramarinas Menores de Estados Unidos","United States Minor Outlying Islands","États-Unis Îles mineures éloignées","UM","UMI",NULL,NULL,"2020-08-16 12:33:47","2020-08-16 12:33:47"
"119","Islas Vírgenes Británicas","Virgin Islands","Iles Vierges","VG","VG",1284,NULL,"2020-08-16 12:33:47","2020-08-16 12:33:47"
"120","Islas Vírgenes de los Estados Unidos","United States Virgin Islands","Îles Vierges américaines","VI","VIR",1340,NULL,"2020-08-16 12:33:47","2020-08-16 12:33:47"
"121","Israel","Israel","Israël","IL","ISR",972,"ISRAELÍ","2020-08-16 12:33:47","2020-08-16 12:33:47"
"122","Italia","Italy","Italie","IT","ITA",39,"ITALIANA","2020-08-16 12:33:47","2020-08-16 12:33:47"
"123","Jamaica","Jamaica","Jamaïque","JM","JAM",1876,"JAMAIQUINA","2020-08-16 12:33:47","2020-08-16 12:33:47"
"124","Japón","Japan","Japon","JP","JPN",81,"JAPONÉSA","2020-08-16 12:33:47","2020-08-16 12:33:47"
"125","Jersey","Jersey","Maillot","JE","JEY",NULL,NULL,"2020-08-16 12:33:47","2020-08-16 12:33:47"
"126","Jordania","Jordan","Jordan","JO","JOR",962,"JORDANA","2020-08-16 12:33:47","2020-08-16 12:33:47"
"127","Kazajistán","Kazakhstan","Le Kazakhstan","KZ","KAZ",7,"KAZAJA","2020-08-16 12:33:47","2020-08-16 12:33:47"
"128","Kenia","Kenya","Kenya","KE","KEN",254,"KENIATA","2020-08-16 12:33:47","2020-08-16 12:33:47"
"129","Kirgizstán","Kyrgyzstan","Kirghizstan","KG","KGZ",996,"KIRGUISA","2020-08-16 12:33:47","2020-08-16 12:33:47"
"130","Kiribati","Kiribati","Kiribati","KI","KIR",686,"KIRIBATIANA","2020-08-16 12:33:47","2020-08-16 12:33:47"
"131","Kuwait","Kuwait","Koweït","KW","KWT",965,"KUWAITÍ","2020-08-16 12:33:47","2020-08-16 12:33:47"
"132","Líbano","Lebanon","Liban","LB","LBN",961,"LIBANÉSA","2020-08-16 12:33:47","2020-08-16 12:33:47"
"133","Laos","Laos","Laos","LA","LAO",856,"LAOSIANA","2020-08-16 12:33:47","2020-08-16 12:33:47"
"134","Lesoto","Lesotho","Lesotho","LS","LSO",266,"LESOTENSE","2020-08-16 12:33:47","2020-08-16 12:33:47"
"135","Letonia","Latvia","La Lettonie","LV","LVA",371,"LETÓNA","2020-08-16 12:33:47","2020-08-16 12:33:47"
"136","Liberia","Liberia","Liberia","LR","LBR",231,"LIBERIANA","2020-08-16 12:33:47","2020-08-16 12:33:47"
"137","Libia","Libya","Libye","LY","LBY",218,"LIBIA","2020-08-16 12:33:47","2020-08-16 12:33:47"
"138","Liechtenstein","Liechtenstein","Liechtenstein","LI","LIE",423,"LIECHTENSTEINIANA","2020-08-16 12:33:47","2020-08-16 12:33:47"
"139","Lituania","Lithuania","La Lituanie","LT","LTU",370,"LITUANA","2020-08-16 12:33:47","2020-08-16 12:33:47"
"140","Luxemburgo","Luxembourg","Luxembourg","LU","LUX",352,"LUXEMBURGUÉSA","2020-08-16 12:33:47","2020-08-16 12:33:47"
"141","México","Mexico","Mexique","MX","MEX",52,"MEXICANA","2020-08-16 12:33:47","2020-08-16 12:33:47"
"142","Mónaco","Monaco","Monaco","MC","MCO",377,"MONEGASCA","2020-08-16 12:33:47","2020-08-16 12:33:47"
"143","Macao","Macao","Macao","MO","MAC",853,NULL,"2020-08-16 12:33:47","2020-08-16 12:33:47"
"144","Macedônia","Macedonia","Macédoine","MK","MKD",389,"MACEDONIA","2020-08-16 12:33:47","2020-08-16 12:33:47"
"145","Madagascar","Madagascar","Madagascar","MG","MDG",261,"MALGACHE","2020-08-16 12:33:47","2020-08-16 12:33:47"
"146","Malasia","Malaysia","Malaisie","MY","MYS",60,"MALASIA","2020-08-16 12:33:47","2020-08-16 12:33:47"
"147","Malawi","Malawi","Malawi","MW","MWI",265,"MALAUÍ","2020-08-16 12:33:47","2020-08-16 12:33:47"
"148","Mali","Mali","Mali","ML","MLI",223,"MALIENSE","2020-08-16 12:33:47","2020-08-16 12:33:47"
"149","Malta","Malta","Malte","MT","MLT",356,"MALTÉSA","2020-08-16 12:33:47","2020-08-16 12:33:47"
"150","Marruecos","Morocco","Maroc","MA","MAR",212,"MARROQUÍ","2020-08-16 12:33:47","2020-08-16 12:33:47"
"151","Martinica","Martinique","Martinique","MQ","MTQ",NULL,"MARTINIQUÉS","2020-08-16 12:33:47","2020-08-16 12:33:47"
"152","Mauricio","Mauritius","Iles Maurice","MU","MUS",230,"MAURICIANA","2020-08-16 12:33:47","2020-08-16 12:33:47"
"153","Mauritania","Mauritania","Mauritanie","MR","MRT",222,"MAURITANA","2020-08-16 12:33:47","2020-08-16 12:33:47"
"154","Mayotte","Mayotte","Mayotte","YT","MYT",262,NULL,"2020-08-16 12:33:47","2020-08-16 12:33:47"
"155","Micronesia","Estados Federados de","Federados Estados de","FM","FSM",691,"MICRONESIA","2020-08-16 12:33:47","2020-08-16 12:33:47"
"156","Moldavia","Moldova","Moldavie","MD","MDA",373,"MOLDAVA","2020-08-16 12:33:47","2020-08-16 12:33:47"
"157","Mongolia","Mongolia","Mongolie","MN","MNG",976,"MONGOLA","2020-08-16 12:33:47","2020-08-16 12:33:47"
"158","Montenegro","Montenegro","Monténégro","ME","MNE",382,"MONTENEGRINA","2020-08-16 12:33:47","2020-08-16 12:33:47"
"159","Montserrat","Montserrat","Montserrat","MS","MSR",1664,NULL,"2020-08-16 12:33:47","2020-08-16 12:33:47"
"160","Mozambique","Mozambique","Mozambique","MZ","MOZ",258,"MOZAMBIQUEÑA","2020-08-16 12:33:47","2020-08-16 12:33:47"
"161","Namibia","Namibia","Namibie","NA","NAM",264,"NAMIBIA","2020-08-16 12:33:47","2020-08-16 12:33:47"
"162","Nauru","Nauru","Nauru","NR","NRU",674,"NAURUANA","2020-08-16 12:33:47","2020-08-16 12:33:47"
"163","Nepal","Nepal","Népal","NP","NPL",977,"NEPALÍ","2020-08-16 12:33:47","2020-08-16 12:33:47"
"164","Nicaragua","Nicaragua","Nicaragua","NI","NIC",505,"NICARAGÜENSE","2020-08-16 12:33:47","2020-08-16 12:33:47"
"165","Niger","Niger","Niger","NE","NER",227,"NIGERINA","2020-08-16 12:33:47","2020-08-16 12:33:47"
"166","Nigeria","Nigeria","Nigeria","NG","NGA",234,"NIGERIANA","2020-08-16 12:33:47","2020-08-16 12:33:47"
"167","Niue","Niue","Niou","NU","NIU",683,NULL,"2020-08-16 12:33:47","2020-08-16 12:33:47"
"168","Noruega","Norway","Norvège","NO","NOR",47,"NORUEGA","2020-08-16 12:33:47","2020-08-16 12:33:47"
"169","Nueva Caledonia","New Caledonia","Nouvelle-Calédonie","NC","NCL",687,NULL,"2020-08-16 12:33:47","2020-08-16 12:33:47"
"170","Nueva Zelanda","New Zealand","Nouvelle-Zélande","NZ","NZL",64,"NEOZELANDÉSA","2020-08-16 12:33:47","2020-08-16 12:33:47"
"171","Omán","Oman","Oman","OM","OMN",968,"OMANÍ","2020-08-16 12:33:47","2020-08-16 12:33:47"
"172","Países Bajos","Netherlands","Pays-Bas","NL","NLD",31,"NEERLANDÉSA","2020-08-16 12:33:47","2020-08-16 12:33:47"
"173","Pakistán","Pakistan","Pakistan","PK","PAK",92,"PAKISTANÍ","2020-08-16 12:33:47","2020-08-16 12:33:47"
"174","Palau","Palau","Palau","PW","PLW",680,"PALAUANA","2020-08-16 12:33:47","2020-08-16 12:33:47"
"175","Palestina","Palestine","La Palestine","PS","PSE",NULL,"PALESTINA","2020-08-16 12:33:47","2020-08-16 12:33:47"
"176","Panamá","Panama","Panama","PA","PAN",507,"PANAMEÑA","2020-08-16 12:33:47","2020-08-16 12:33:47"
"177","Papúa Nueva Guinea","Papua New Guinea","Papouasie-Nouvelle-Guinée","PG","PNG",675,"PAPÚ","2020-08-16 12:33:47","2020-08-16 12:33:47"
"178","Paraguay","Paraguay","Paraguay","PY","PRY",595,"PARAGUAYA","2020-08-16 12:33:47","2020-08-16 12:33:47"
"179","Perú","Peru","Pérou","PE","PER",51,"PERUANA","2020-08-16 12:33:47","2020-08-16 12:33:47"
"180","Polinesia Francesa","French Polynesia","Polynésie française","PF","PYF",689,NULL,"2020-08-16 12:33:47","2020-08-16 12:33:47"
"181","Polonia","Poland","Pologne","PL","POL",48,"POLACA","2020-08-16 12:33:47","2020-08-16 12:33:47"
"182","Portugal","Portugal","Portugal","PT","PRT",351,"PORTUGUÉSA","2020-08-16 12:33:47","2020-08-16 12:33:47"
"183","Puerto Rico","Puerto Rico","Porto Rico","PR","PRI",1,"PUERTORRIQUEÑA","2020-08-16 12:33:47","2020-08-16 12:33:47"
"184","Qatar","Qatar","Qatar","QA","QAT",974,"CATARÍ","2020-08-16 12:33:47","2020-08-16 12:33:47"
"185","Reino Unido","United Kingdom","Royaume-Uni","GB","GBR",44,"BRITÁNICA","2020-08-16 12:33:47","2020-08-16 12:33:47"
"186","República Centroafricana","Central African Republic","République Centrafricaine","CF","CAF",236,"CENTROAFRICANA","2020-08-16 12:33:47","2020-08-16 12:33:47"
"187","República Checa","Czech Republic","République Tchèque","CZ","CZE",420,"CHECA","2020-08-16 12:33:47","2020-08-16 12:33:47"
"188","República Dominicana","Dominican Republic","République Dominicaine","DO","DOM",1809,"DOMINICANA","2020-08-16 12:33:47","2020-08-16 12:33:47"
"189","Reunión","Réunion","Réunion","RE","REU",NULL,NULL,"2020-08-16 12:33:47","2020-08-16 12:33:47"
"190","Ruanda","Rwanda","Rwanda","RW","RWA",250,"RUANDÉSA","2020-08-16 12:33:47","2020-08-16 12:33:47"
"191","Rumanía","Romania","Roumanie","RO","ROU",40,"RUMANA","2020-08-16 12:33:47","2020-08-16 12:33:47"
"192","Rusia","Russia","La Russie","RU","RUS",7,"RUSA","2020-08-16 12:33:47","2020-08-16 12:33:47"
"193","Sahara Occidental","Western Sahara","Sahara Occidental","EH","ESH",NULL,NULL,"2020-08-16 12:33:47","2020-08-16 12:33:47"
"194","Samoa","Samoa","Samoa","WS","WSM",685,"SAMOANA","2020-08-16 12:33:47","2020-08-16 12:33:47"
"195","Samoa Americana","American Samoa","Les Samoa américaines","AS","ASM",1684,NULL,"2020-08-16 12:33:47","2020-08-16 12:33:47"
"196","San Bartolomé","Saint Barthélemy","Saint-Barthélemy","BL","BLM",590,NULL,"2020-08-16 12:33:47","2020-08-16 12:33:47"
"197","San Cristóbal y Nieves","Saint Kitts and Nevis","Saint Kitts et Nevis","KN","KNA",1869,"CRISTOBALEÑA","2020-08-16 12:33:47","2020-08-16 12:33:47"
"198","San Marino","San Marino","San Marino","SM","SMR",378,"SANMARINENSE","2020-08-16 12:33:47","2020-08-16 12:33:47"
"199","San Martín (Francia)","Saint Martin (French part)","Saint-Martin (partie française)","MF","MAF",1599,NULL,"2020-08-16 12:33:47","2020-08-16 12:33:47"
"200","San Pedro y Miquelón","Saint Pierre and Miquelon","Saint-Pierre-et-Miquelon","PM","SPM",508,NULL,"2020-08-16 12:33:47","2020-08-16 12:33:47"
"201","San Vicente y las Granadinas","Saint Vincent and the Grenadines","Saint-Vincent et Grenadines","VC","VCT",1784,"SANVICENTINA","2020-08-16 12:33:47","2020-08-16 12:33:47"
"202","Santa Elena","Ascensión y Tristán de Acuña","Ascensión y Tristan de Acuña","SH","SHN",290,NULL,"2020-08-16 12:33:47","2020-08-16 12:33:47"
"203","Santa Lucía","Saint Lucia","Sainte-Lucie","LC","LCA",1758,"SANTALUCENSE","2020-08-16 12:33:47","2020-08-16 12:33:47"
"204","Santo Tomé y Príncipe","Sao Tome and Principe","Sao Tomé et Principe","ST","STP",239,"SANTOTOMENSE","2020-08-16 12:33:47","2020-08-16 12:33:47"
"205","Senegal","Senegal","Sénégal","SN","SEN",221,"SENEGALÉSA","2020-08-16 12:33:47","2020-08-16 12:33:47"
"206","Serbia","Serbia","Serbie","RS","SRB",381,"SERBIA","2020-08-16 12:33:47","2020-08-16 12:33:47"
"207","Seychelles","Seychelles","Les Seychelles","SC","SYC",248,"SEYCHELLENSE","2020-08-16 12:33:47","2020-08-16 12:33:47"
"208","Sierra Leona","Sierra Leone","Sierra Leone","SL","SLE",232,"SIERRALEONÉSA","2020-08-16 12:33:47","2020-08-16 12:33:47"
"209","Singapur","Singapore","Singapour","SG","SGP",65,"SINGAPURENSE","2020-08-16 12:33:47","2020-08-16 12:33:47"
"210","Siria","Syria","Syrie","SY","SYR",963,"SIRIA","2020-08-16 12:33:47","2020-08-16 12:33:47"
"211","Somalia","Somalia","Somalie","SO","SOM",252,"SOMALÍ","2020-08-16 12:33:47","2020-08-16 12:33:47"
"212","Sri lanka","Sri Lanka","Sri Lanka","LK","LKA",94,"CEILANÉSA","2020-08-16 12:33:47","2020-08-16 12:33:47"
"213","Sudáfrica","South Africa","Afrique du Sud","ZA","ZAF",27,"SUDAFRICANA","2020-08-16 12:33:47","2020-08-16 12:33:47"
"214","Sudán","Sudan","Soudan","SD","SDN",249,"SUDANÉSA","2020-08-16 12:33:47","2020-08-16 12:33:47"
"215","Suecia","Sweden","Suède","SE","SWE",46,"SUECA","2020-08-16 12:33:47","2020-08-16 12:33:47"
"216","Suiza","Switzerland","Suisse","CH","CHE",41,"SUIZA","2020-08-16 12:33:47","2020-08-16 12:33:47"
"217","Surinám","Suriname","Surinam","SR","SUR",597,"SURINAMESA","2020-08-16 12:33:47","2020-08-16 12:33:47"
"218","Svalbard y Jan Mayen","Svalbard and Jan Mayen","Svalbard et Jan Mayen","SJ","SJM",NULL,NULL,"2020-08-16 12:33:47","2020-08-16 12:33:47"
"219","Swazilandia","Swaziland","Swaziland","SZ","SWZ",268,"SUAZI","2020-08-16 12:33:47","2020-08-16 12:33:47"
"220","Tadjikistán","Tajikistan","Le Tadjikistan","TJ","TJK",992,"TAYIKA","2020-08-16 12:33:47","2020-08-16 12:33:47"
"221","Tailandia","Thailand","Thaïlande","TH","THA",66,"TAILANDÉSA","2020-08-16 12:33:47","2020-08-16 12:33:47"
"222","Taiwán","Taiwan","Taiwan","TW","TWN",886,NULL,"2020-08-16 12:33:47","2020-08-16 12:33:47"
"223","Tanzania","Tanzania","Tanzanie","TZ","TZA",255,"TANZANA","2020-08-16 12:33:47","2020-08-16 12:33:47"
"224","Territorio Británico del Océano Índico","British Indian Ocean Territory","Territoire britannique de l'océan Indien","IO","IOT",NULL,NULL,"2020-08-16 12:33:47","2020-08-16 12:33:47"
"225","Territorios Australes y Antárticas Franceses","French Southern Territories","Terres australes françaises","TF","ATF",NULL,NULL,"2020-08-16 12:33:47","2020-08-16 12:33:47"
"226","Timor Oriental","East Timor","Timor-Oriental","TL","TLS",670,"TIMORENSE","2020-08-16 12:33:47","2020-08-16 12:33:47"
"227","Togo","Togo","Togo","TG","TGO",228,"TOGOLÉSA","2020-08-16 12:33:47","2020-08-16 12:33:47"
"228","Tokelau","Tokelau","Tokélaou","TK","TKL",690,NULL,"2020-08-16 12:33:47","2020-08-16 12:33:47"
"229","Tonga","Tonga","Tonga","TO","TON",676,"TONGANA","2020-08-16 12:33:47","2020-08-16 12:33:47"
"230","Trinidad y Tobago","Trinidad and Tobago","Trinidad et Tobago","TT","TTO",1868,"TRINITENSE","2020-08-16 12:33:47","2020-08-16 12:33:47"
"231","Tunez","Tunisia","Tunisie","TN","TUN",216,"TUNECINA","2020-08-16 12:33:47","2020-08-16 12:33:47"
"232","Turkmenistán","Turkmenistan","Le Turkménistan","TM","TKM",993,"TURCOMANA","2020-08-16 12:33:47","2020-08-16 12:33:47"
"233","Turquía","Turkey","Turquie","TR","TUR",90,"TURCA","2020-08-16 12:33:47","2020-08-16 12:33:47"
"234","Tuvalu","Tuvalu","Tuvalu","TV","TUV",688,"TUVALUANA","2020-08-16 12:33:47","2020-08-16 12:33:47"
"235","Ucrania","Ukraine","L'Ukraine","UA","UKR",380,"UCRANIANA","2020-08-16 12:33:47","2020-08-16 12:33:47"
"236","Uganda","Uganda","Ouganda","UG","UGA",256,"UGANDÉSA","2020-08-16 12:33:47","2020-08-16 12:33:47"
"237","Uruguay","Uruguay","Uruguay","UY","URY",598,"URUGUAYA","2020-08-16 12:33:47","2020-08-16 12:33:47"
"238","Uzbekistán","Uzbekistan","L'Ouzbékistan","UZ","UZB",998,"UZBEKA","2020-08-16 12:33:47","2020-08-16 12:33:47"
"239","Vanuatu","Vanuatu","Vanuatu","VU","VUT",678,"VANUATUENSE","2020-08-16 12:33:47","2020-08-16 12:33:47"
"240","Venezuela","Venezuela","Venezuela","VE","VEN",58,"VENEZOLANA","2020-08-16 12:33:47","2020-08-16 12:33:47"
"241","Vietnam","Vietnam","Vietnam","VN","VNM",84,"VIETNAMITA","2020-08-16 12:33:47","2020-08-16 12:33:47"
"242","Wallis y Futuna","Wallis and Futuna","Wallis et Futuna","WF","WLF",681,NULL,"2020-08-16 12:33:47","2020-08-16 12:33:47"
"243","Yemen","Yemen","Yémen","YE","YEM",967,"YEMENÍ","2020-08-16 12:33:47","2020-08-16 12:33:47"
"244","Yibuti","Djibouti","Djibouti","DJ","DJI",253,"YIBUTIANA","2020-08-16 12:33:47","2020-08-16 12:33:47"
"245","Zambia","Zambia","Zambie","ZM","ZMB",260,"ZAMBIANA","2020-08-16 12:33:47","2020-08-16 12:33:47"
"246","Zimbabue","Zimbabwe","Zimbabwe","ZW","ZWE",263,"ZIMBABUENSE","2020-08-16 12:33:47","2020-08-16 12:33:47"
